bearing_id,role,dtw_to_flywheel,raw_similarity,prior_weight,source_weight
Bearing3_1,main,0.01940810948709582,51.522198927511425,2.0,0.2609875040083771
Bearing2_5,auxiliary,0.004342081749692611,230.25124960421863,1.0,0.2107585770184251
Bearing1_1,auxiliary,0.004085477389067562,244.7095394863243,1.0,0.22399285308385522
Bearing3_5,auxiliary,0.003007409001540833,332.40161144572585,1.0,0.3042610658893426
