model,seq_len,MAE,MSE,RMSE,Score
BiLSTM-Attention,16,0.2342245228790807,0.0742573671174032,0.272502049748994,0.067285499648077
