model,MAE,MSE,RMSE,Score
EKF-based,0.3884059415886807,0.1997679208614128,0.4469540478185792,0.01838223127610163
