model,MAE,MSE,RMSE,Score,seq_len,rank_by_score,rank_by_rmse
Random Forest,0.29478783882103293,0.1226724643870806,0.3502462910397205,0.07992767464980338,,1,2
BiLSTM-Attention,0.2342245228790807,0.0742573671174032,0.272502049748994,0.067285499648077,16.0,2,1
EKF-based,0.3884059415886807,0.1997679208614128,0.4469540478185792,0.01838223127610163,,3,4
PF-based,0.35229218620546626,0.15192171002241986,0.389771356082537,0.015287029270130847,,4,3
