model,MAE,MSE,RMSE,Score
PF-based,0.35229218620546626,0.15192171002241986,0.389771356082537,0.015287029270130847
