model,MAE,MSE,RMSE,Score
Random Forest,0.29478783882103293,0.1226724643870806,0.3502462910397205,0.07992767464980338
