used_fraction,last_observed_day,predicted_failure_day,failure_day_error,R2,RMSE,MAE
0.6,2100.0,3447.1336812557074,-52.866318744292585,0.9999725145791292,0.0010273024241925267,0.0005018190784559507
0.7,2440.0,3453.7201078508283,-46.2798921491717,0.9999839554102129,0.0009732122638222886,0.0004460435135825091
0.8,2800.0,3456.990951405123,-43.009048594877186,0.9999904589304649,0.0009236209542475555,0.0003980438031227298
